-- phpMyAdmin SQL Dump
-- version 5.0.2
-- https://www.phpmyadmin.net/
--
-- Host: 127.0.0.1
-- Generation Time: Jan 23, 2021 at 11:39 AM
-- Server version: 10.4.13-MariaDB
-- PHP Version: 7.4.8

SET SQL_MODE = "NO_AUTO_VALUE_ON_ZERO";
START TRANSACTION;
SET time_zone = "+00:00";


/*!40101 SET @OLD_CHARACTER_SET_CLIENT=@@CHARACTER_SET_CLIENT */;
/*!40101 SET @OLD_CHARACTER_SET_RESULTS=@@CHARACTER_SET_RESULTS */;
/*!40101 SET @OLD_COLLATION_CONNECTION=@@COLLATION_CONNECTION */;
/*!40101 SET NAMES utf8mb4 */;

--
-- Database: `labwork_cse303_sqldb`
--

-- --------------------------------------------------------

--
-- Table structure for table `final_40`
--

CREATE TABLE `final_40` (
  `Serial` varchar(6) DEFAULT NULL,
  `Q1_CO1` int(6) DEFAULT NULL,
  `Q2_CO1` int(6) DEFAULT NULL,
  `Q3_CO2` int(6) DEFAULT NULL,
  `Q4_CO3` int(6) DEFAULT NULL,
  `Total_100` int(9) DEFAULT NULL,
  `Convert_40` float DEFAULT NULL
) ENGINE=InnoDB DEFAULT CHARSET=utf8;

--
-- Dumping data for table `final_40`
--

INSERT INTO `final_40` (`Serial`, `Q1_CO1`, `Q2_CO1`, `Q3_CO2`, `Q4_CO3`, `Total_100`, `Convert_40`) VALUES
('1', 13, 13, 11, 28, 65, 26),
('2', 0, 10, 13, 23, 46, 18.4),
('3', 2, 7, 8, 13, 30, 12),
('4', 0, 0, 0, 0, 0, 0),
('5', 8, 10, 10, 4, 32, 12.8),
('6', 0, 0, 0, 0, 0, 0),
('7', 13, 12, 13, 4, 42, 16.8),
('8', 14, 13, 8, 15, 50, 20),
('9', 0, 0, 0, 0, 0, 0),
('10', 10, 12, 11, 18, 51, 20.4),
('11', 17, 10, 10, 17, 54, 21.6),
('12', 9, 2, 8, 4, 23, 9.2),
('13', 2, 12, 12, 4, 30, 12),
('14', 9, 12, 8, 6, 35, 14),
('15', 15, 14, 11, 22, 62, 24.8),
('16', 14, 5, 9, 25, 53, 21.2),
('17', 9, 13, 12, 4, 38, 15.2),
('18', 15, 0, 14, 21, 50, 20),
('19', 9, 12, 12, 12, 45, 18),
('20', 17, 5, 11, 27, 60, 24),
('21', 0, 0, 0, 0, 0, 0),
('22', 9, 12, 13, 26, 60, 24),
('23', 9, 13, 11, 26, 59, 23.6),
('24', 9, 13, 10, 26, 58, 23.2),
('25', 9, 12, 0, 26, 47, 18.8),
('26', 13, 13, 13, 19, 58, 23.2),
('27', 14, 10, 13, 9, 46, 18.4),
('28', 14, 13, 10, 6, 43, 17.2),
('29', 15, 10, 7, 13, 45, 18),
('30', 14, 10, 10, 13, 47, 18.8),
('31', 9, 13, 10, 26, 58, 23.2),
('32', 14, 13, 15, 5, 47, 18.8),
('33', 0, 0, 0, 0, 0, 0),
('34', 9, 7, 8, 18, 42, 16.8),
('35', 9, 5, 9, 22, 45, 18),
('36', 9, 10, 10, 19, 48, 19.2),
('37', 14, 13, 13, 18, 58, 23.2),
('38', 0, 0, 0, 0, 0, 0),
('39', 16, 0, 11, 12, 39, 15.6),
('40', 13, 11, 12, 19, 55, 22),
('41', 18, 0, 8, 20, 46, 18.4),
('42', 10, 10, 12, 28, 60, 24),
('43', 14, 10, 11, 21, 56, 22.4),
('44', 14, 10, 11, 19, 54, 21.6),
('45', 10, 0, 15, 29, 54, 21.6),
('46', 14, 11, 12, 19, 56, 22.4),
('47', 0, 0, 0, 0, 0, 0),
('48', 12, 8, 10, 6, 36, 14.4),
('49', 14, 12, 11, 15, 52, 20.8),
('50', 18, 11, 10, 8, 47, 18.8),
('51', 14, 13, 11, 18, 56, 22.4),
('52', 14, 13, 11, 22, 60, 24),
('53', 14, 13, 10, 18, 55, 22),
('54', 19, 12, 12, 26, 69, 27.6),
('55', 0, 0, 0, 0, 0, 0),
('56', 18, 13, 11, 15, 57, 22.8),
('57', 0, 2, 8, 2, 12, 4.8),
('58', 15, 13, 13, 20, 61, 24.4),
('59', 14, 13, 13, 27, 67, 26.8),
('60', 14, 13, 12, 20, 59, 23.6),
('61', 17, 10, 10, 30, 67, 26.8),
('62', 19, 13, 9, 21, 62, 24.8),
('63', 17, 13, 11, 27, 68, 27.2),
('64', 9, 13, 15, 6, 43, 17.2),
('65', 0, 12, 12, 12, 36, 14.4),
('66', 0, 10, 7, 14, 31, 12.4),
('67', 16, 12, 11, 11, 50, 20),
('68', 19, 12, 10, 21, 62, 24.8),
('69', 8, 11, 13, 6, 38, 15.2),
('70', 14, 8, 11, 18, 51, 20.4),
('71', 18, 10, 11, 17, 56, 22.4),
('72', 9, 13, 11, 26, 59, 23.6),
('73', 10, 13, 13, 34, 70, 28),
('74', 18, 13, 15, 9, 55, 22),
('75', 14, 12, 15, 5, 46, 18.4),
('76', 18, 10, 11, 19, 58, 23.2),
('77', 10, 8, 11, 9, 38, 15.2),
('78', 10, 13, 15, 24, 62, 24.8),
('79', 14, 5, 10, 15, 44, 17.6),
('80', 14, 5, 14, 22, 55, 22),
('81', 18, 13, 15, 9, 55, 22),
('82', 18, 13, 13, 7, 51, 20.4),
('83', 18, 12, 8, 25, 63, 25.2),
('84', 18, 13, 11, 27, 69, 27.6),
('85', 0, 0, 0, 0, 0, 0),
('86', 9, 13, 14, 15, 51, 20.4),
('87', 0, 0, 0, 0, 0, 0),
('88', 14, 12, 11, 15, 52, 20.8);

-- --------------------------------------------------------

--
-- Table structure for table `mid_term_30`
--

CREATE TABLE `mid_term_30` (
  `Serial` varchar(6) DEFAULT NULL,
  `Q1CO1` int(5) DEFAULT NULL,
  `Q2CO1` int(5) DEFAULT NULL,
  `Q3CO1` int(5) DEFAULT NULL,
  `Q4CO2` int(5) DEFAULT NULL,
  `Q5CO1` int(5) DEFAULT NULL,
  `Q6CO1` bigint(5) DEFAULT NULL,
  `MidTerm150` int(10) DEFAULT NULL,
  `Mid_Term_Convert_30` varchar(6) DEFAULT NULL
) ENGINE=InnoDB DEFAULT CHARSET=utf8;

--
-- Dumping data for table `mid_term_30`
--

INSERT INTO `mid_term_30` (`Serial`, `Q1CO1`, `Q2CO1`, `Q3CO1`, `Q4CO2`, `Q5CO1`, `Q6CO1`, `MidTerm150`, `Mid_Term_Convert_30`) VALUES
('1', 15, 0, 5, 15, 2, 7, 44, '8.8'),
('2', 0, 0, 18, 0, 5, 12, 35, '7'),
('3', 15, 7, 0, 0, 0, 4, 26, '5.2'),
('4', 0, 0, 0, 0, 0, 0, 0, '0'),
('5', 5, 15, 20, 0, 0, 0, 40, '8'),
('6', 0, 0, 5, 0, 0, 0, 5, '1'),
('7', 10, 0, 15, 6, 2, 0, 33, '6.6'),
('8', 0, 0, 18, 11, 20, 20, 69, '13.8'),
('9', 0, 10, 5, 15, 0, 0, 30, '6'),
('10', 22, 0, 23, 16, 15, 13, 89, '17.8'),
('11', 6, 10, 0, 0, 2, 11, 29, '5.8'),
('12', 15, 0, 0, 5, 0, 5, 25, '5'),
('13', 0, 0, 20, 15, 0, 0, 35, '7'),
('14', 20, 0, 5, 5, 0, 8, 38, '7.6'),
('15', 22, 22, 24, 14, 25, 17, 124, '24.8'),
('16', 19, 0, 24, 0, 5, 7, 55, '11'),
('17', 0, 0, 0, 16, 0, 4, 20, '4'),
('18', 0, 0, 22, 12, 0, 8, 42, '8.4'),
('19', 0, 0, 15, 16, 10, 8, 49, '9.8'),
('20', 0, 0, 0, 0, 0, 0, 0, '0'),
('21', 0, 0, 0, 0, 0, 0, 0, '0'),
('22', 0, 0, 10, 16, 1, 9, 36, '7.2'),
('23', 0, 0, 0, 0, 0, 0, 0, '0'),
('24', 0, 0, 10, 16, 9, 10, 45, '9'),
('25', 18, 0, 20, 18, 17, 14, 87, '17.4'),
('26', 0, 0, 0, 16, 1, 0, 17, '3.4'),
('27', 0, 0, 0, 0, 0, 0, 0, '0'),
('28', 18, 0, 20, 16, 0, 5, 59, '11.8'),
('29', 10, 10, 15, 6, 6, 13, 60, '12'),
('30', 15, 5, 10, 0, 0, 15, 45, '9'),
('31', 0, 0, 0, 14, 0, 0, 14, '2.8'),
('32', 0, 20, 18, 20, 0, 13, 71, '14.2'),
('33', 0, 0, 27, 0, 0, 15, 42, '8.4'),
('34', 12, 7, 0, 13, 0, 7, 39, '7.8'),
('35', 0, 7, 15, 14, 6, 4, 46, '9.2'),
('36', 10, 3, 20, 19, 4, 5, 61, '12.2'),
('37', 17, 0, 22, 18, 0, 0, 57, '11.4'),
('38', 13, 0, 20, 0, 5, 10, 48, '9.6'),
('39', 8, 0, 20, 0, 3, 2, 33, '6.6'),
('40', 0, 0, 0, 0, 13, 1, 14, '2.8'),
('41', 15, 0, 24, 16, 0, 18, 73, '14.6'),
('42', 10, 0, 22, 16, 0, 13, 61, '12.2'),
('43', 10, 0, 20, 16, 0, 11, 57, '11.4'),
('44', 15, 0, 22, 0, 14, 14, 65, '13'),
('45', 18, 15, 27, 18, 5, 19, 102, '20.4'),
('46', 5, 0, 15, 0, 3, 10, 33, '6.6'),
('47', 20, 0, 0, 0, 0, 0, 20, '4'),
('48', 14, 0, 20, 20, 18, 0, 72, '14.4'),
('49', 15, 0, 27, 16, 5, 19, 82, '16.4'),
('50', 22, 18, 22, 16, 27, 16, 121, '24.2'),
('51', 0, 20, 0, 15, 0, 0, 35, '7'),
('52', 0, 20, 0, 0, 0, 17, 37, '7.4'),
('53', 10, 22, 18, 16, 10, 8, 84, '16.8'),
('54', 0, 10, 10, 18, 10, 5, 53, '10.6'),
('55', 0, 7, 0, 0, 3, 9, 19, '3.8'),
('56', 20, 18, 22, 15, 17, 15, 107, '21.4'),
('57', 5, 0, 5, 0, 0, 0, 10, '2'),
('58', 18, 18, 24, 0, 8, 17, 85, '17'),
('59', 17, 20, 22, 0, 20, 19, 98, '19.6'),
('60', 0, 0, 24, 0, 20, 14, 58, '11.6'),
('61', 8, 10, 22, 0, 20, 13, 73, '14.6'),
('62', 18, 0, 22, 12, 20, 20, 92, '18.4'),
('63', 23, 15, 20, 0, 28, 19, 105, '21'),
('64', 15, 20, 22, 20, 0, 10, 87, '17.4'),
('65', 0, 0, 15, 0, 0, 8, 23, '4.6'),
('66', 5, 0, 10, 0, 0, 15, 30, '6'),
('67', 5, 5, 22, 0, 14, 18, 64, '12.8'),
('68', 22, 19, 24, 0, 27, 17, 109, '21.8'),
('69', 0, 0, 0, 0, 0, 6, 6, '1.2'),
('70', 15, 0, 20, 0, 0, 9, 44, '8.8'),
('71', 6, 22, 0, 0, 15, 4, 47, '9.4'),
('72', 10, 18, 0, 0, 1, 6, 35, '7'),
('73', 0, 0, 24, 16, 12, 7, 59, '11.8'),
('74', 10, 20, 15, 20, 17, 16, 98, '19.6'),
('75', 4, 18, 20, 20, 16, 17, 95, '19'),
('76', 18, 25, 10, 0, 0, 0, 53, '10.6'),
('77', 15, 12, 22, 13, 0, 8, 70, '14'),
('78', 0, 0, 22, 16, 10, 6, 54, '10.8'),
('79', 19, 15, 0, 0, 10, 18, 62, '12.4'),
('80', 17, 7, 20, 10, 7, 18, 79, '15.8'),
('81', 18, 2, 22, 18, 28, 18, 106, '21.2'),
('82', 18, 0, 22, 19, 28, 19, 106, '21.2'),
('83', 22, 20, 27, 18, 22, 19, 128, '25.6'),
('84', 15, 15, 24, 15, 4, 15, 88, '17.6'),
('85', 0, 0, 20, 0, 0, 0, 20, '4'),
('86', 20, 15, 26, 10, 0, 0, 71, '14.2'),
('87', 0, 0, 20, 6, 0, 0, 26, '5.2'),
('88', 20, 0, 15, 14, 6, 0, 55, '11');

-- --------------------------------------------------------

--
-- Table structure for table `project_work`
--

CREATE TABLE `project_work` (
  `Serial` varchar(6) DEFAULT NULL,
  `Project_work_CO4` float DEFAULT NULL
) ENGINE=InnoDB DEFAULT CHARSET=utf8;

--
-- Dumping data for table `project_work`
--

INSERT INTO `project_work` (`Serial`, `Project_work_CO4`) VALUES
('1', 24),
('2', 23),
('3', 6),
('4', 0),
('5', 24),
('6', 0),
('7', 27),
('8', 0),
('9', 0),
('10', 23),
('11', 30),
('12', 9),
('13', 6),
('14', 11),
('15', 34),
('16', 24),
('17', 12),
('18', 12),
('19', 12),
('20', 11),
('21', 0),
('22', 12),
('23', 12),
('24', 12),
('25', 25),
('26', 23),
('27', 10),
('28', 23),
('29', 12),
('30', 20),
('31', 12),
('32', 19),
('33', 0),
('34', 11),
('35', 27),
('36', 25),
('37', 23),
('38', 0),
('39', 11),
('40', 27),
('41', 11),
('42', 11),
('43', 11),
('44', 11),
('45', 23),
('46', 20),
('47', 0),
('48', 0),
('49', 0),
('50', 34),
('51', 0),
('52', 0),
('53', 0),
('54', 26),
('55', 0),
('56', 34),
('57', 23),
('58', 23),
('59', 9),
('60', 22),
('61', 23),
('62', 19),
('63', 34),
('64', 19),
('65', 9),
('66', 9),
('67', 27),
('68', 34),
('69', 0),
('70', 25),
('71', 31),
('72', 19),
('73', 29),
('74', 20),
('75', 17),
('76', 31),
('77', 12),
('78', 27),
('79', 24),
('80', 30),
('81', 24),
('82', 24),
('83', 31),
('84', 27),
('85', 0),
('86', 23),
('87', 0),
('88', 25);

-- --------------------------------------------------------

--
-- Table structure for table `student_details`
--

CREATE TABLE `student_details` (
  `Serial` varchar(6) DEFAULT NULL,
  `ID` varchar(10) DEFAULT NULL,
  `Section` varchar(7) DEFAULT NULL,
  `Semester` varchar(8) DEFAULT NULL
) ENGINE=InnoDB DEFAULT CHARSET=utf8;

--
-- Dumping data for table `student_details`
--

INSERT INTO `student_details` (`Serial`, `ID`, `Section`, `Semester`) VALUES
('1', '1416455', '1', 'Summer'),
('2', '1579288', '1', 'Summer'),
('3', '1528882', '3', 'Summer'),
('4', '1653725', '3', 'Summer'),
('5', '1625654', '1', 'Summer'),
('6', '1669953', '3', 'Summer'),
('7', '1665555', '1', 'Summer'),
('8', '1616161', '3', 'Summer'),
('9', '1633554', '2', 'Summer'),
('10', '1645333', '2', 'Summer'),
('11', '1691291', '2', 'Summer'),
('12', '1662147', '3', 'Summer'),
('13', '1691483', '3', 'Summer'),
('14', '1674181', '3', 'Summer'),
('15', '1641252', '2', 'Summer'),
('16', '1695837', '2', 'Summer'),
('17', '1613273', '1', 'Summer'),
('18', '1612985', '3', 'Summer'),
('19', '1623112', '1', 'Summer'),
('20', '1668314', '2', 'Summer'),
('21', '1622731', '3', 'Summer'),
('22', '1696326', '1', 'Summer'),
('23', '1646434', '1', 'Summer'),
('24', '1614142', '1', 'Summer'),
('25', '1654432', '1', 'Summer'),
('26', '1678812', '3', 'Summer'),
('27', '1614733', '3', 'Summer'),
('28', '1665491', '2', 'Summer'),
('29', '1634352', '3', 'Summer'),
('30', '1661638', '1', 'Summer'),
('31', '1686272', '1', 'Summer'),
('32', '1729416', '3', 'Summer'),
('33', '1763881', '2', 'Summer'),
('34', '1781682', '3', 'Summer'),
('35', '1778274', '1', 'Summer'),
('36', '1795656', '1', 'Summer'),
('37', '1773277', '2', 'Summer'),
('38', '1759787', '2', 'Summer'),
('39', '1743714', '2', 'Summer'),
('40', '1747457', '1', 'Summer'),
('41', '1728125', '2', 'Summer'),
('42', '1783512', '2', 'Summer'),
('43', '1768463', '2', 'Summer'),
('44', '1797625', '2', 'Summer'),
('45', '1754681', '2', 'Summer'),
('46', '1798883', '1', 'Summer'),
('47', '1769463', '2', 'Summer'),
('48', '1766156', '1', 'Summer'),
('49', '1772947', '3', 'Summer'),
('50', '1731817', '2', 'Summer'),
('51', '1752538', '3', 'Summer'),
('52', '1731852', '3', 'Summer'),
('53', '1766176', '3', 'Summer'),
('54', '1715578', '1', 'Summer'),
('55', '1745484', '1', 'Summer'),
('56', '1791753', '2', 'Summer'),
('57', '1742892', '3', 'Summer'),
('58', '1788337', '1', 'Summer'),
('59', '1736425', '3', 'Summer'),
('60', '1728439', '1', 'Summer'),
('61', '1712983', '2', 'Summer'),
('62', '1718437', '3', 'Summer'),
('63', '1784847', '2', 'Summer'),
('64', '1737824', '3', 'Summer'),
('65', '1797789', '3', 'Summer'),
('66', '1728139', '3', 'Summer'),
('67', '1711619', '1', 'Summer'),
('68', '1789481', '2', 'Summer'),
('69', '1711729', '1', 'Summer'),
('70', '1773384', '2', 'Summer'),
('71', '1762565', '2', 'Summer'),
('72', '1898334', '3', 'Summer'),
('73', '1892367', '1', 'Summer'),
('74', '1863951', '3', 'Summer'),
('75', '1835298', '3', 'Summer'),
('76', '1835874', '2', 'Summer'),
('77', '1849651', '3', 'Summer'),
('78', '1872128', '1', 'Summer'),
('79', '1887973', '3', 'Summer'),
('80', '1886577', '2', 'Summer'),
('81', '1877262', '3', 'Summer'),
('82', '1873255', '3', 'Summer'),
('83', '1834433', '2', 'Summer'),
('84', '1868128', '1', 'Summer'),
('85', '1845457', '1', 'Summer'),
('86', '1855787', '2', 'Summer'),
('87', '1893863', '2', 'Summer'),
('88', '1842333', '2', 'Summer');

-- --------------------------------------------------------

--
-- Table structure for table `total_and_co_totals`
--

CREATE TABLE `total_and_co_totals` (
  `Serial` varchar(6) DEFAULT NULL,
  `Exam_Totals` int(11) DEFAULT NULL,
  `CO1_total` int(9) DEFAULT NULL,
  `CO2_total` int(9) DEFAULT NULL,
  `CO3_total` int(9) DEFAULT NULL,
  `CO4_total` int(9) DEFAULT NULL
) ENGINE=InnoDB DEFAULT CHARSET=utf8;

--
-- Dumping data for table `total_and_co_totals`
--

INSERT INTO `total_and_co_totals` (`Serial`, `Exam_Totals`, `CO1_total`, `CO2_total`, `CO3_total`, `CO4_total`) VALUES
('1', 67, 55, 26, 28, 24),
('2', 57, 45, 13, 23, 23),
('3', 40, 35, 8, 13, 6),
('4', 8, 0, 0, 0, 0),
('5', 55, 58, 10, 4, 24),
('6', 9, 5, 0, 0, 0),
('7', 60, 52, 19, 4, 27),
('8', 42, 85, 19, 15, 0),
('9', 14, 15, 15, 0, 0),
('10', 70, 95, 27, 18, 23),
('11', 66, 56, 10, 17, 30),
('12', 40, 31, 13, 4, 9),
('13', 40, 34, 27, 4, 6),
('14', 41, 54, 13, 6, 11),
('15', 92, 139, 25, 22, 34),
('16', 65, 74, 9, 25, 24),
('17', 40, 26, 28, 4, 12),
('18', 50, 45, 26, 21, 12),
('19', 50, 54, 28, 12, 12),
('20', 45, 22, 11, 27, 11),
('21', 8, 0, 0, 0, 0),
('22', 52, 41, 29, 26, 12),
('23', 44, 22, 11, 26, 12),
('24', 55, 51, 26, 26, 12),
('25', 70, 90, 18, 26, 25),
('26', 60, 27, 29, 19, 23),
('27', 40, 24, 13, 9, 10),
('28', 60, 70, 26, 6, 23),
('29', 50, 79, 13, 13, 12),
('30', 56, 69, 10, 13, 20),
('31', 46, 22, 24, 26, 12),
('32', 60, 78, 35, 5, 19),
('33', 17, 42, 0, 0, 0),
('34', 45, 42, 21, 18, 11),
('35', 65, 46, 23, 22, 27),
('36', 65, 61, 29, 19, 25),
('37', 66, 66, 31, 18, 23),
('38', 18, 48, 0, 0, 0),
('39', 42, 49, 11, 12, 11),
('40', 60, 38, 12, 19, 27),
('41', 52, 75, 24, 20, 11),
('42', 56, 65, 28, 28, 11),
('43', 55, 65, 27, 21, 11),
('44', 55, 89, 11, 19, 11),
('45', 75, 94, 33, 29, 23),
('46', 57, 58, 12, 19, 20),
('47', 12, 20, 0, 0, 0),
('48', 40, 72, 30, 6, 0),
('49', 46, 92, 27, 15, 0),
('50', 85, 134, 26, 8, 34),
('51', 40, 47, 26, 18, 0),
('52', 40, 64, 11, 22, 0),
('53', 47, 95, 26, 18, 0),
('54', 75, 66, 30, 26, 26),
('55', 12, 19, 0, 0, 0),
('56', 87, 123, 26, 15, 34),
('57', 40, 12, 8, 2, 23),
('58', 75, 113, 13, 20, 23),
('59', 65, 125, 13, 27, 9),
('60', 66, 85, 12, 20, 22),
('61', 75, 100, 10, 30, 23),
('62', 71, 112, 21, 21, 19),
('63', 91, 135, 11, 27, 34),
('64', 62, 89, 35, 6, 19),
('65', 40, 35, 12, 12, 9),
('66', 40, 40, 7, 14, 9),
('67', 70, 92, 11, 11, 27),
('68', 90, 140, 10, 21, 34),
('69', 25, 25, 13, 6, 0),
('70', 65, 66, 11, 18, 25),
('71', 71, 75, 11, 17, 31),
('72', 60, 57, 11, 26, 19),
('73', 77, 66, 29, 34, 29),
('74', 70, 109, 35, 9, 20),
('75', 65, 101, 35, 5, 17),
('76', 75, 81, 11, 19, 31),
('77', 50, 75, 24, 9, 12),
('78', 71, 61, 31, 24, 27),
('79', 62, 81, 10, 15, 24),
('80', 80, 88, 24, 22, 30),
('81', 76, 119, 33, 9, 24),
('82', 75, 118, 32, 7, 24),
('83', 90, 140, 26, 25, 31),
('84', 81, 104, 26, 27, 27),
('85', 12, 20, 0, 0, 0),
('86', 66, 83, 24, 15, 23),
('87', 14, 20, 6, 0, 0),
('88', 65, 67, 25, 15, 25);
COMMIT;

/*!40101 SET CHARACTER_SET_CLIENT=@OLD_CHARACTER_SET_CLIENT */;
/*!40101 SET CHARACTER_SET_RESULTS=@OLD_CHARACTER_SET_RESULTS */;
/*!40101 SET COLLATION_CONNECTION=@OLD_COLLATION_CONNECTION */;
